count,scenario,revision,median_ms,min_ms,max_ms,status_reads,fetches,commits,overviews
1000,one-off,dev,99.78,87.304,109.152,0,2,10,0
1000,one-off,unfixed,104.508,93.495,108.58,0,2,10,0
1000,one-off,fixed,98.648,91.989,98.821,0,2,10,0
1000,due-recurring,dev,212.201,183.953,212.965,0,2,10,0
1000,due-recurring,unfixed,203.77,196.119,220.401,0,2,10,0
1000,due-recurring,fixed,210.648,202.856,217.509,0,2,10,0
1000,early-recurring,dev,195.46,179.872,198.745,0,2,10,0
1000,early-recurring,unfixed,664.78,632.236,712.072,1000,2,10,0
1000,early-recurring,fixed,279.167,276.558,283.428,0,2,10,0
1000,recurring-retry,dev,227.489,204.737,235.144,0,2,10,0
1000,recurring-retry,unfixed,588.792,480.247,630.759,1000,2,10,0
1000,recurring-retry,fixed,183.903,181.286,184.319,0,2,10,0
5000,one-off,dev,555.956,484.438,579.37,0,6,50,0
5000,one-off,unfixed,541.552,464.428,564.871,0,6,50,0
5000,one-off,fixed,593.952,433.223,627.484,0,6,50,0
5000,due-recurring,dev,1009.15,879.517,1082.605,0,6,50,0
5000,due-recurring,unfixed,905.931,877.662,1181.546,0,6,50,0
5000,due-recurring,fixed,961.25,888.245,1162.43,0,6,50,0
5000,early-recurring,dev,1010.228,894.862,1194.483,0,6,50,0
5000,early-recurring,unfixed,2718.351,2685.624,2822.299,5000,6,50,0
5000,early-recurring,fixed,1099.671,1072.64,1354.649,0,6,50,0
5000,recurring-retry,dev,1391.955,1047.863,1411.736,0,6,50,0
5000,recurring-retry,unfixed,2594.549,2574.89,3028.207,5000,6,50,0
5000,recurring-retry,fixed,796.387,754.638,935.141,0,6,50,0
25000,one-off,dev,1940.509,1921.021,2047.386,0,26,250,0
25000,one-off,unfixed,1972.97,1936.819,2035.784,0,26,250,0
25000,one-off,fixed,2018.945,1928.553,2061.822,0,26,250,0
25000,due-recurring,dev,4185.948,4015.133,4241.326,0,26,250,0
25000,due-recurring,unfixed,3906.303,3871.025,3976.142,0,26,250,0
25000,due-recurring,fixed,6112.703,4913.914,7046.374,0,26,250,0
25000,early-recurring,dev,3894.009,3874.464,3909.872,0,26,250,0
25000,early-recurring,unfixed,14404.244,13576.282,14507.573,25000,26,250,0
25000,early-recurring,fixed,4520.935,4486.25,4650.828,0,26,250,0
25000,recurring-retry,dev,4258.99,4223.781,4345.856,0,26,250,0
25000,recurring-retry,unfixed,11862.502,11652.341,12144.187,25000,26,250,0
25000,recurring-retry,fixed,3675.543,3577.443,3716.352,0,26,250,0
